-- phpMyAdmin SQL Dump
-- version 4.9.0.1
-- https://www.phpmyadmin.net/
--
-- Host: 127.0.0.1
-- Generation Time: Mar 03, 2020 at 12:10 PM
-- Server version: 10.4.6-MariaDB
-- PHP Version: 7.3.9

SET SQL_MODE = "NO_AUTO_VALUE_ON_ZERO";
SET AUTOCOMMIT = 0;
START TRANSACTION;
SET time_zone = "+00:00";


/*!40101 SET @OLD_CHARACTER_SET_CLIENT=@@CHARACTER_SET_CLIENT */;
/*!40101 SET @OLD_CHARACTER_SET_RESULTS=@@CHARACTER_SET_RESULTS */;
/*!40101 SET @OLD_COLLATION_CONNECTION=@@COLLATION_CONNECTION */;
/*!40101 SET NAMES utf8mb4 */;

--
-- Database: `cias`
--

-- --------------------------------------------------------

--
-- Table structure for table `ci_sessions`
--

CREATE TABLE `ci_sessions` (
  `session_id` varchar(40) NOT NULL DEFAULT '0',
  `ip_address` varchar(45) NOT NULL DEFAULT '0',
  `user_agent` varchar(120) NOT NULL,
  `last_activity` int(10) UNSIGNED NOT NULL DEFAULT 0,
  `user_data` text NOT NULL
) ENGINE=InnoDB DEFAULT CHARSET=utf8;

-- --------------------------------------------------------

--
-- Table structure for table `tbl_last_login`
--

CREATE TABLE `tbl_last_login` (
  `id` bigint(20) NOT NULL,
  `userId` bigint(20) NOT NULL,
  `sessionData` varchar(2048) NOT NULL,
  `machineIp` varchar(1024) NOT NULL,
  `userAgent` varchar(128) NOT NULL,
  `agentString` varchar(1024) NOT NULL,
  `platform` varchar(128) NOT NULL,
  `createdDtm` datetime NOT NULL DEFAULT current_timestamp()
) ENGINE=InnoDB DEFAULT CHARSET=utf8;

--
-- Dumping data for table `tbl_last_login`
--

INSERT INTO `tbl_last_login` (`id`, `userId`, `sessionData`, `machineIp`, `userAgent`, `agentString`, `platform`, `createdDtm`) VALUES
(1, 1, '{\"role\":\"1\",\"roleText\":\"System Administrator\",\"name\":\"System Administrator\"}', '::1', 'Chrome 80.0.3987.122', 'Mozilla/5.0 (Windows NT 10.0; Win64; x64) AppleWebKit/537.36 (KHTML, like Gecko) Chrome/80.0.3987.122 Safari/537.36', 'Windows 10', '2020-03-03 09:29:49'),
(2, 9, '{\"role\":\"2\",\"roleText\":\"Manager\",\"name\":\"Sufyan Mansuri\"}', '::1', 'Chrome 80.0.3987.122', 'Mozilla/5.0 (Windows NT 10.0; Win64; x64) AppleWebKit/537.36 (KHTML, like Gecko) Chrome/80.0.3987.122 Safari/537.36', 'Windows 10', '2020-03-03 09:32:10'),
(3, 9, '{\"role\":\"2\",\"roleText\":\"Manager\",\"name\":\"Sufyan Mansuri\"}', '::1', 'Chrome 80.0.3987.122', 'Mozilla/5.0 (Windows NT 10.0; Win64; x64) AppleWebKit/537.36 (KHTML, like Gecko) Chrome/80.0.3987.122 Safari/537.36', 'Windows 10', '2020-03-03 12:53:50'),
(4, 1, '{\"role\":\"1\",\"roleText\":\"System Administrator\",\"name\":\"System Administrator\"}', '::1', 'Chrome 80.0.3987.122', 'Mozilla/5.0 (Windows NT 10.0; Win64; x64) AppleWebKit/537.36 (KHTML, like Gecko) Chrome/80.0.3987.122 Safari/537.36', 'Windows 10', '2020-03-03 12:56:23'),
(5, 1, '{\"role\":\"1\",\"roleText\":\"System Administrator\",\"name\":\"System Administrator\"}', '::1', 'Chrome 80.0.3987.122', 'Mozilla/5.0 (Windows NT 10.0; Win64; x64) AppleWebKit/537.36 (KHTML, like Gecko) Chrome/80.0.3987.122 Safari/537.36', 'Windows 10', '2020-03-03 13:25:22'),
(6, 1, '{\"role\":\"1\",\"roleText\":\"System Administrator\",\"name\":\"System Administrator\"}', '::1', 'Chrome 80.0.3987.122', 'Mozilla/5.0 (Windows NT 10.0; Win64; x64) AppleWebKit/537.36 (KHTML, like Gecko) Chrome/80.0.3987.122 Safari/537.36', 'Windows 10', '2020-03-03 13:25:54'),
(7, 1, '{\"role\":\"1\",\"roleText\":\"System Administrator\",\"name\":\"System Administrator\"}', '::1', 'Chrome 80.0.3987.122', 'Mozilla/5.0 (Windows NT 10.0; Win64; x64) AppleWebKit/537.36 (KHTML, like Gecko) Chrome/80.0.3987.122 Safari/537.36', 'Windows 10', '2020-03-03 15:41:19'),
(8, 1, '{\"role\":\"1\",\"roleText\":\"System Administrator\",\"name\":\"System Administrator\"}', '::1', 'Chrome 80.0.3987.122', 'Mozilla/5.0 (Windows NT 10.0; Win64; x64) AppleWebKit/537.36 (KHTML, like Gecko) Chrome/80.0.3987.122 Safari/537.36', 'Windows 10', '2020-03-03 16:14:56');

-- --------------------------------------------------------

--
-- Table structure for table `tbl_reset_password`
--

CREATE TABLE `tbl_reset_password` (
  `id` bigint(20) NOT NULL,
  `email` varchar(128) NOT NULL,
  `activation_id` varchar(32) NOT NULL,
  `agent` varchar(512) NOT NULL,
  `client_ip` varchar(32) NOT NULL,
  `isDeleted` tinyint(4) NOT NULL DEFAULT 0,
  `createdBy` bigint(20) NOT NULL DEFAULT 1,
  `createdDtm` datetime NOT NULL,
  `updatedBy` bigint(20) DEFAULT NULL,
  `updatedDtm` datetime DEFAULT NULL
) ENGINE=InnoDB DEFAULT CHARSET=latin1;

-- --------------------------------------------------------

--
-- Table structure for table `tbl_roles`
--

CREATE TABLE `tbl_roles` (
  `roleId` tinyint(4) NOT NULL COMMENT 'role id',
  `role` varchar(50) NOT NULL COMMENT 'role text'
) ENGINE=MyISAM DEFAULT CHARSET=utf8;

--
-- Dumping data for table `tbl_roles`
--

INSERT INTO `tbl_roles` (`roleId`, `role`) VALUES
(1, 'System Administrator'),
(2, 'Manager'),
(3, 'Employee');

-- --------------------------------------------------------

--
-- Table structure for table `tbl_users`
--

CREATE TABLE `tbl_users` (
  `userId` int(11) NOT NULL,
  `email` varchar(128) NOT NULL COMMENT 'login email',
  `password` varchar(128) NOT NULL COMMENT 'hashed login password',
  `name` varchar(128) DEFAULT NULL COMMENT 'full name of user',
  `mobile` varchar(20) DEFAULT NULL,
  `roleId` tinyint(4) NOT NULL,
  `isDeleted` tinyint(4) NOT NULL DEFAULT 0,
  `createdBy` int(11) NOT NULL,
  `createdDtm` datetime NOT NULL,
  `updatedBy` int(11) DEFAULT NULL,
  `updatedDtm` datetime DEFAULT NULL
) ENGINE=MyISAM DEFAULT CHARSET=utf8;

--
-- Dumping data for table `tbl_users`
--

INSERT INTO `tbl_users` (`userId`, `email`, `password`, `name`, `mobile`, `roleId`, `isDeleted`, `createdBy`, `createdDtm`, `updatedBy`, `updatedDtm`) VALUES
(1, 'admin@ghanshyam.com', '$2y$10$8sF1Do1XFm.X0mBKeKkknu20um25UIKHzeNKGQXw7KnpaXb8bafN.', 'System Administrator', '1234567890', 1, 0, 0, '2015-07-01 18:56:49', 1, '2020-03-03 08:27:00'),
(2, 'manager@example.com', '$2y$10$quODe6vkNma30rcxbAHbYuKYAZQqUaflBgc4YpV9/90ywd.5Koklm', 'Manager', '9890098900', 2, 0, 1, '2016-12-09 17:49:56', 1, '2018-01-12 07:22:11'),
(3, 'employee@example.com', '$2y$10$UYsH1G7MkDg1cutOdgl2Q.ZbXjyX.CSjsdgQKvGzAgl60RXZxpB5u', 'Employee', '9890098900', 3, 0, 1, '2016-12-09 17:50:22', 3, '2018-01-04 07:58:28'),
(9, 'sufyan8834@gmail.com', '$2y$10$GUGN6ce.k1Bm9r/rldHPWeYnPUd8mBrhsAvS35Dg9VrqnsD.ZJh.C', 'Sufyan Mansuri', '7016138213', 2, 1, 1, '2020-03-03 05:01:51', 1, '2020-03-03 08:55:34');

--
-- Indexes for dumped tables
--

--
-- Indexes for table `ci_sessions`
--
ALTER TABLE `ci_sessions`
  ADD PRIMARY KEY (`session_id`),
  ADD KEY `last_activity_idx` (`last_activity`);

--
-- Indexes for table `tbl_last_login`
--
ALTER TABLE `tbl_last_login`
  ADD PRIMARY KEY (`id`);

--
-- Indexes for table `tbl_reset_password`
--
ALTER TABLE `tbl_reset_password`
  ADD PRIMARY KEY (`id`);

--
-- Indexes for table `tbl_roles`
--
ALTER TABLE `tbl_roles`
  ADD PRIMARY KEY (`roleId`);

--
-- Indexes for table `tbl_users`
--
ALTER TABLE `tbl_users`
  ADD PRIMARY KEY (`userId`);

--
-- AUTO_INCREMENT for dumped tables
--

--
-- AUTO_INCREMENT for table `tbl_last_login`
--
ALTER TABLE `tbl_last_login`
  MODIFY `id` bigint(20) NOT NULL AUTO_INCREMENT, AUTO_INCREMENT=9;

--
-- AUTO_INCREMENT for table `tbl_reset_password`
--
ALTER TABLE `tbl_reset_password`
  MODIFY `id` bigint(20) NOT NULL AUTO_INCREMENT;

--
-- AUTO_INCREMENT for table `tbl_roles`
--
ALTER TABLE `tbl_roles`
  MODIFY `roleId` tinyint(4) NOT NULL AUTO_INCREMENT COMMENT 'role id', AUTO_INCREMENT=4;

--
-- AUTO_INCREMENT for table `tbl_users`
--
ALTER TABLE `tbl_users`
  MODIFY `userId` int(11) NOT NULL AUTO_INCREMENT, AUTO_INCREMENT=10;
COMMIT;

/*!40101 SET CHARACTER_SET_CLIENT=@OLD_CHARACTER_SET_CLIENT */;
/*!40101 SET CHARACTER_SET_RESULTS=@OLD_CHARACTER_SET_RESULTS */;
/*!40101 SET COLLATION_CONNECTION=@OLD_COLLATION_CONNECTION */;
